alphalocalization,diffusion,diffusionsteps,distances0,distances1,distances2,distances3,distances4,distances5,distances6,distances7,distances8,distances9,distances10,entropies0,entropies1,entropies2,entropies3,entropies4,entropies5,entropies6,entropies7,entropies8,entropies9,entropies10,growthrate,id,morans0,morans1,morans2,morans3,morans4,morans5,morans6,morans7,morans8,morans9,morans10,population,replication,rsquared0,rsquared1,rsquared2,rsquared3,rsquared4,rsquared5,rsquared6,rsquared7,rsquared8,rsquared9,rsquared10,slopes0,slopes1,slopes2,slopes3,slopes4,slopes5,slopes6,slopes7,slopes8,slopes9,slopes10
2.058219516026312,0.06593956763625564,1.4432894691822913,NaN,0.8136373508513037,0.5141188126293939,0.36765126191706393,0.28840061813468165,0.23933331699171614,0.20650623593346162,0.18316965589482498,0.165992571169419,0.15289772217868242,0.14262277860679817,1.0,0.6579907461968981,0.47381738615081626,0.4127651560502689,0.39023105988211926,0.3828757385010597,0.38205988447008715,0.3847257642103304,0.38933174619774163,0.39481864088605856,0.4004804366219607,784.1131381944383,0,NaN,3.7466055011113755E-4,0.0013374950963984005,0.0025440047819095613,0.003893845357457104,0.00539762225490287,0.006993261115378387,0.008742847635979338,0.010633478960274155,0.012626146489431937,0.01464986018436619,39693.141045085635,-230018905,NaN,0.9606604440621686,0.9682618596902302,0.9452248715134368,0.928081212925961,0.9248351643630003,0.9230798221455162,0.9292690346135927,0.9353198227312266,0.9431765850016567,0.9528285343231273,NaN,-0.7496336099156886,-0.8700813989912001,-0.9430440616641516,-1.0323016184392801,-1.1344906765581981,-1.2429946439962003,-1.3580412682417606,-1.4601847045851846,-1.561793303952059,-1.6663961926659958
